<?xml version="1.0" encoding="UTF-8"?>
<!DOCTYPE suite SYSTEM "http://testng.org/testng-1.0.dtd">
<suite name="Suite">
  <test name="Test">
    <classes>
      <class name="restassured.uibank.GetAccountDetails"/>
      <class name="restassured.uibank.LoginUiBank"/>
      <class name="restassured.uibank.AccountVerification"/>
      <class name="restassured.uibank.CreateAccount"/>
      <class name="restassured.uibank.ProfileVerification"/>
    </classes>
  </test> <!-- Test -->
</suite> <!-- Suite -->
