{
	"id": "95628724-a98f-4aa4-9a17-c41a55c613cd",
	"name": "UiBank_Env",
	"values": [
		{
			"key": "env_url",
			"value": "uibank-api.azurewebsites.net",
			"type": "default",
			"enabled": true
		},
		{
			"key": "UI_user_id",
			"value": "620f1e0b8932d4005f2a887a",
			"type": "default",
			"enabled": true
		},
		{
			"key": "ui_account",
			"value": "620f3864c380ad006e30249b",
			"type": "default",
			"enabled": true
		},
		{
			"key": "ui_dispute_reported",
			"value": "reported",
			"type": "default",
			"enabled": true
		},
		{
			"key": "ui_type_transfer",
			"value": "credit",
			"type": "default",
			"enabled": true
		},
		{
			"key": "ui_transfer_ref",
			"value": "",
			"type": "default",
			"enabled": true
		},
		{
			"key": "ui_dispute_notreported",
			"value": "",
			"type": "default",
			"enabled": true
		}
	],
	"_postman_variable_scope": "environment",
	"_postman_exported_at": "2022-02-18T08:48:50.684Z",
	"_postman_exported_using": "Postman/9.14.0"
}